Order ID,Order Date,Product,Category,Region,Quantity,Unit Price,Sales,Cost,Profit,Stock Available,Profit Margin,Month,Month Number
ORD1001,2025-01-20,Pen Set,Stationery,West,3.0,120.0,360.0,165.0,195.0,79.0,0.5416666666666666,Jan,1
ORD1002,2025-01-07,Desk,Furniture,South,3.0,12000.0,36000.0,25500.0,10500.0,82.0,0.2916666666666667,Jan,1
ORD1003,2025-01-21,Backpack,Accessories,East,3.0,1800.0,5400.0,3300.0,2100.0,29.0,0.3888888888888889,Jan,1
ORD1004,2025-01-02,Desk,Furniture,East,2.0,12000.0,24000.0,17000.0,7000.0,71.0,0.2916666666666667,Jan,1
ORD1005,2025-01-01,Desk,Furniture,South,5.0,12000.0,60000.0,42500.0,17500.0,96.0,0.2916666666666667,Jan,1
ORD1006,2025-01-10,Laptop,Electronics,North,4.0,55000.0,220000.0,168000.0,52000.0,87.0,0.23636363636363636,Jan,1
ORD1007,2025-01-12,Headphones,Electronics,South,1.0,2500.0,2500.0,1500.0,1000.0,10.0,0.4,Jan,1
ORD1008,2025-01-19,Notebook,Furniture,East,1.0,12000.0,12000.0,90.0,11910.0,46.0,0.9925,Jan,1
ORD1009,2025-01-04,Smartphone,Electronics,West,2.0,28000.0,56000.0,44000.0,12000.0,16.0,0.21428571428571427,Jan,1
ORD1010,2025-01-21,Table Lamp,Home & Office,South,4.0,1600.0,6400.0,3800.0,2600.0,67.0,0.40625,Jan,1
ORD1011,2025-01-12,Pen Set,Stationery,South,3.0,120.0,360.0,165.0,195.0,85.0,0.5416666666666666,Jan,1
ORD1012,2025-01-04,Laptop,Electronics,North,4.0,55000.0,220000.0,168000.0,52000.0,9.0,0.23636363636363636,Jan,1
ORD1013,2025-01-22,Notebook,Stationery,South,5.0,180.0,900.0,450.0,450.0,70.0,0.5,Jan,1
ORD1014,2025-01-26,Smartphone,Electronics,South,2.0,28000.0,56000.0,44000.0,12000.0,69.0,0.21428571428571427,Jan,1
ORD1015,2025-01-14,Office Chair,Furniture,East,4.0,8500.0,34000.0,24800.0,9200.0,69.0,0.27058823529411763,Jan,1
ORD1016,2025-01-21,Backpack,Accessories,South,2.0,1800.0,3600.0,2200.0,1400.0,60.0,0.3888888888888889,Jan,1
ORD1017,2025-01-26,Backpack,Accessories,West,4.0,1800.0,7200.0,4400.0,2800.0,48.0,0.3888888888888889,Jan,1
ORD1018,2025-01-25,Laptop,Electronics,West,1.0,55000.0,55000.0,42000.0,13000.0,15.0,0.23636363636363636,Jan,1
ORD1019,2025-01-11,Backpack,Accessories,North,3.0,1800.0,5400.0,3300.0,2100.0,42.0,0.3888888888888889,Jan,1
ORD1020,2025-01-05,Laptop,Electronics,West,2.0,55000.0,110000.0,84000.0,26000.0,48.0,0.23636363636363636,Jan,1
ORD1021,2025-01-09,Pen Set,Stationery,East,2.0,120.0,240.0,110.0,130.0,40.0,0.5416666666666666,Jan,1
ORD1022,2025-01-23,Pen Set,Stationery,East,5.0,120.0,600.0,275.0,325.0,51.0,0.5416666666666666,Jan,1
ORD1023,2025-02-22,Backpack,Accessories,West,1.0,1800.0,1800.0,1100.0,700.0,54.0,0.3888888888888889,Feb,2
ORD1024,2025-02-01,Headphones,Electronics,East,3.0,2500.0,7500.0,4500.0,3000.0,16.0,0.4,Feb,2
ORD1025,2025-02-10,Table Lamp,Home & Office,South,3.0,1600.0,4800.0,2850.0,1950.0,70.0,0.40625,Feb,2
ORD1026,2025-02-17,Pen Set,Stationery,South,4.0,120.0,480.0,220.0,260.0,30.0,0.5416666666666666,Feb,2
ORD1027,2025-02-13,Pen Set,Stationery,South,5.0,120.0,600.0,275.0,325.0,43.0,0.5416666666666666,Feb,2
ORD1028,2025-02-19,Pen Set,Stationery,North,2.0,120.0,240.0,110.0,130.0,49.0,0.5416666666666666,Feb,2
ORD1029,2025-02-21,Water Bottle,Accessories,West,4.0,750.0,3000.0,1680.0,1320.0,51.0,0.44,Feb,2
ORD1030,2025-02-11,Office Chair,Furniture,South,4.0,8500.0,34000.0,24800.0,9200.0,96.0,0.27058823529411763,Feb,2
ORD1031,2025-02-01,Pen Set,Stationery,South,3.0,120.0,360.0,165.0,195.0,69.0,0.5416666666666666,Feb,2
ORD1032,2025-02-20,Water Bottle,Accessories,South,3.0,750.0,2250.0,1260.0,990.0,77.0,0.44,Feb,2
ORD1033,2025-02-09,Backpack,Accessories,South,1.0,1800.0,1800.0,1100.0,700.0,58.0,0.3888888888888889,Feb,2
ORD1034,2025-02-12,Table Lamp,Home & Office,South,3.0,1600.0,4800.0,2850.0,1950.0,39.0,0.40625,Feb,2
ORD1035,2025-02-09,Backpack,Accessories,South,1.0,1800.0,1800.0,1100.0,700.0,65.0,0.3888888888888889,Feb,2
ORD1036,2025-02-12,Office Chair,Furniture,South,2.0,8500.0,17000.0,12400.0,4600.0,10.0,0.27058823529411763,Feb,2
ORD1037,2025-02-05,Laptop,Electronics,South,1.0,55000.0,55000.0,42000.0,13000.0,66.0,0.23636363636363636,Feb,2
ORD1038,2025-02-02,Laptop,Electronics,South,5.0,55000.0,275000.0,210000.0,65000.0,8.0,0.23636363636363636,Feb,2
ORD1039,2025-02-02,Headphones,Electronics,South,2.0,2500.0,5000.0,3000.0,2000.0,39.0,0.4,Feb,2
ORD1040,2025-02-23,Notebook,Stationery,East,3.0,180.0,540.0,270.0,270.0,63.0,0.5,Feb,2
ORD1041,2025-02-06,Laptop,Electronics,South,4.0,55000.0,220000.0,168000.0,52000.0,77.0,0.23636363636363636,Feb,2
ORD1042,2025-02-11,Notebook,Stationery,West,1.0,180.0,180.0,90.0,90.0,80.0,0.5,Feb,2
ORD1043,2025-02-16,Notebook,Stationery,North,4.0,180.0,720.0,360.0,360.0,66.0,0.5,Feb,2
ORD1044,2025-02-19,Office Chair,Furniture,East,3.0,8500.0,25500.0,18600.0,6900.0,27.0,0.27058823529411763,Feb,2
ORD1045,2025-03-20,Pen Set,Stationery,West,2.0,120.0,240.0,110.0,130.0,8.0,0.5416666666666666,Mar,3
ORD1046,2025-03-25,Water Bottle,Accessories,North,2.0,750.0,1500.0,840.0,660.0,14.0,0.44,Mar,3
ORD1047,2025-03-16,Table Lamp,Home & Office,South,4.0,1600.0,6400.0,3800.0,2600.0,9.0,0.40625,Mar,3
ORD1048,2025-03-16,Laptop,Electronics,West,5.0,55000.0,275000.0,210000.0,65000.0,44.0,0.23636363636363636,Mar,3
ORD1049,2025-03-09,Pen Set,Stationery,South,3.0,120.0,360.0,165.0,195.0,55.0,0.5416666666666666,Mar,3
ORD1050,2025-03-20,Headphones,Stationery,West,1.0,2500.0,2500.0,1500.0,1000.0,31.0,0.4,Mar,3
ORD1051,2025-03-11,Office Chair,Furniture,West,4.0,8500.0,34000.0,24800.0,9200.0,45.0,0.27058823529411763,Mar,3
ORD1052,2025-03-20,Backpack,Accessories,East,1.0,1800.0,1800.0,1100.0,700.0,32.0,0.3888888888888889,Mar,3
ORD1053,2025-03-14,Smartphone,Electronics,South,3.0,28000.0,84000.0,66000.0,18000.0,87.0,0.21428571428571427,Mar,3
ORD1054,2025-03-04,Water Bottle,Accessories,East,1.0,750.0,750.0,420.0,330.0,21.0,0.44,Mar,3
ORD1055,2025-03-16,Desk,Furniture,East,3.0,12000.0,36000.0,25500.0,10500.0,24.0,0.2916666666666667,Mar,3
ORD1056,2025-03-16,Laptop,Electronics,North,3.0,55000.0,165000.0,126000.0,39000.0,93.0,0.23636363636363636,Mar,3
ORD1057,2025-03-22,Pen Set,Stationery,South,5.0,120.0,600.0,275.0,325.0,58.0,0.5416666666666666,Mar,3
ORD1058,2025-03-08,Notebook,Stationery,East,2.0,180.0,360.0,180.0,180.0,28.0,0.5,Mar,3
ORD1059,2025-03-15,Laptop,Electronics,South,5.0,55000.0,275000.0,210000.0,65000.0,68.0,0.23636363636363636,Mar,3
ORD1060,2025-03-04,Headphones,Electronics,North,1.0,2500.0,2500.0,1500.0,1000.0,24.0,0.4,Mar,3
ORD1061,2025-03-06,Desk,Furniture,South,1.0,12000.0,12000.0,8500.0,3500.0,44.0,0.2916666666666667,Mar,3
ORD1062,2025-03-17,Backpack,Accessories,South,3.0,1800.0,5400.0,3300.0,2100.0,67.0,0.3888888888888889,Mar,3
ORD1063,2025-03-20,Laptop,Electronics,South,5.0,55000.0,275000.0,210000.0,65000.0,39.0,0.23636363636363636,Mar,3
ORD1064,2025-03-01,Pen Set,Stationery,South,2.0,120.0,240.0,110.0,130.0,32.0,0.5416666666666666,Mar,3
ORD1065,2025-03-22,Table Lamp,Home & Office,East,2.0,1600.0,3200.0,1900.0,1300.0,39.0,0.40625,Mar,3
ORD1066,2025-03-23,Notebook,Stationery,North,3.0,180.0,540.0,270.0,270.0,9.0,0.5,Mar,3
ORD1067,2025-04-17,Table Lamp,Home & Office,West,1.0,1600.0,1600.0,950.0,650.0,50.0,0.40625,Apr,4
ORD1068,2025-04-16,Notebook,Stationery,South,2.0,180.0,360.0,180.0,180.0,33.0,0.5,Apr,4
ORD1069,2025-04-18,Headphones,Electronics,West,5.0,2500.0,12500.0,7500.0,5000.0,67.0,0.4,Apr,4
ORD1070,2025-04-07,Table Lamp,Home & Office,South,5.0,1600.0,8000.0,4750.0,3250.0,27.0,0.40625,Apr,4
ORD1071,2025-04-08,Laptop,Electronics,East,4.0,55000.0,220000.0,168000.0,52000.0,94.0,0.23636363636363636,Apr,4
ORD1072,2025-04-02,Smartphone,Electronics,South,3.0,28000.0,84000.0,66000.0,18000.0,32.0,0.21428571428571427,Apr,4
ORD1073,2025-04-22,Table Lamp,Home & Office,East,1.0,1600.0,1600.0,950.0,650.0,59.0,0.40625,Apr,4
ORD1074,2025-04-06,Table Lamp,Home & Office,South,3.0,1600.0,4800.0,2850.0,1950.0,67.0,0.40625,Apr,4
ORD1075,2025-04-01,Desk,Furniture,West,4.0,12000.0,48000.0,34000.0,14000.0,12.0,0.2916666666666667,Apr,4
ORD1076,2025-04-04,Pen Set,Stationery,West,4.0,120.0,480.0,220.0,260.0,54.0,0.5416666666666666,Apr,4
ORD1077,2025-04-23,Headphones,Electronics,North,5.0,2500.0,12500.0,7500.0,5000.0,37.0,0.4,Apr,4
ORD1078,2025-04-17,Headphones,Electronics,South,3.0,2500.0,7500.0,4500.0,3000.0,99.0,0.4,Apr,4
ORD1079,2025-04-23,Table Lamp,Home & Office,South,2.0,1600.0,3200.0,1900.0,1300.0,69.0,0.40625,Apr,4
ORD1080,2025-04-09,Pen Set,Stationery,East,1.0,120.0,120.0,55.0,65.0,65.0,0.5416666666666666,Apr,4
ORD1081,2025-04-01,Table Lamp,Home & Office,South,1.0,1600.0,1600.0,950.0,650.0,8.0,0.40625,Apr,4
ORD1082,2025-04-05,Pen Set,Stationery,East,3.0,120.0,360.0,165.0,195.0,83.0,0.5416666666666666,Apr,4
ORD1083,2025-04-16,Table Lamp,Home & Office,North,1.0,1600.0,1600.0,950.0,650.0,36.0,0.40625,Apr,4
ORD1084,2025-04-15,Desk,Furniture,North,4.0,12000.0,48000.0,34000.0,14000.0,76.0,0.2916666666666667,Apr,4
ORD1085,2025-04-26,Table Lamp,Home & Office,South,4.0,1600.0,6400.0,3800.0,2600.0,40.0,0.40625,Apr,4
ORD1086,2025-04-23,Desk,Furniture,North,5.0,12000.0,60000.0,42500.0,17500.0,41.0,0.2916666666666667,Apr,4
ORD1087,2025-04-10,Office Chair,Furniture,East,2.0,8500.0,17000.0,12400.0,4600.0,8.0,0.27058823529411763,Apr,4
ORD1088,2025-04-05,Backpack,Accessories,East,2.0,1800.0,3600.0,2200.0,1400.0,99.0,0.3888888888888889,Apr,4
ORD1089,2025-05-24,Office Chair,Furniture,East,3.0,8500.0,25500.0,18600.0,6900.0,40.0,0.27058823529411763,May,5
ORD1090,2025-05-19,Laptop,Electronics,West,4.0,55000.0,220000.0,168000.0,52000.0,74.0,0.23636363636363636,May,5
ORD1091,2025-05-01,Laptop,Electronics,East,3.0,55000.0,165000.0,126000.0,39000.0,51.0,0.23636363636363636,May,5
ORD1092,2025-05-19,Smartphone,Electronics,East,1.0,28000.0,28000.0,22000.0,6000.0,97.0,0.21428571428571427,May,5
ORD1093,2025-05-26,Backpack,Accessories,East,2.0,1800.0,3600.0,2200.0,1400.0,14.0,0.3888888888888889,May,5
ORD1094,2025-05-26,Office Chair,Furniture,East,5.0,8500.0,42500.0,31000.0,11500.0,82.0,0.27058823529411763,May,5
ORD1095,2025-05-04,Backpack,Accessories,South,5.0,1800.0,9000.0,5500.0,3500.0,43.0,0.3888888888888889,May,5
ORD1096,2025-05-05,Table Lamp,Home & Office,West,3.0,1600.0,4800.0,2850.0,1950.0,56.0,0.40625,May,5
ORD1097,2025-05-16,Headphones,Electronics,North,1.0,2500.0,2500.0,1500.0,1000.0,31.0,0.4,May,5
ORD1098,2025-05-05,Pen Set,Stationery,South,5.0,120.0,600.0,275.0,325.0,30.0,0.5416666666666666,May,5
ORD1099,2025-05-03,Water Bottle,Accessories,North,1.0,750.0,750.0,420.0,330.0,69.0,0.44,May,5
ORD1100,2025-05-16,Office Chair,Furniture,South,5.0,8500.0,42500.0,31000.0,11500.0,66.0,0.27058823529411763,May,5
ORD1101,2025-05-17,Headphones,Electronics,North,5.0,2500.0,12500.0,7500.0,5000.0,26.0,0.4,May,5
ORD1102,2025-05-07,Water Bottle,Accessories,West,4.0,750.0,3000.0,1680.0,1320.0,90.0,0.44,May,5
ORD1103,2025-05-15,Table Lamp,Home & Office,North,5.0,1600.0,8000.0,4750.0,3250.0,19.0,0.40625,May,5
ORD1104,2025-05-20,Water Bottle,Accessories,East,4.0,750.0,3000.0,1680.0,1320.0,60.0,0.44,May,5
ORD1105,2025-05-16,Pen Set,Stationery,West,5.0,120.0,600.0,275.0,325.0,60.0,0.5416666666666666,May,5
ORD1106,2025-05-26,Table Lamp,Home & Office,North,2.0,1600.0,3200.0,1900.0,1300.0,12.0,0.40625,May,5
ORD1107,2025-05-23,Headphones,Electronics,South,3.0,2500.0,7500.0,4500.0,3000.0,25.0,0.4,May,5
ORD1108,2025-05-10,Water Bottle,Accessories,West,1.0,750.0,750.0,420.0,330.0,14.0,0.44,May,5
ORD1109,2025-05-10,Backpack,Accessories,South,3.0,1800.0,5400.0,3300.0,2100.0,73.0,0.3888888888888889,May,5
ORD1110,2025-05-05,Desk,Furniture,South,5.0,12000.0,60000.0,42500.0,17500.0,72.0,0.2916666666666667,May,5
ORD1111,2025-06-20,Notebook,Stationery,South,1.0,180.0,180.0,90.0,90.0,52.0,0.5,Jun,6
ORD1112,2025-06-04,Office Chair,Furniture,South,3.0,8500.0,25500.0,18600.0,6900.0,68.0,0.27058823529411763,Jun,6
ORD1113,2025-06-07,Notebook,Stationery,South,2.0,180.0,360.0,180.0,180.0,26.0,0.5,Jun,6
ORD1114,2025-06-03,Pen Set,Stationery,South,2.0,120.0,240.0,110.0,130.0,99.0,0.5416666666666666,Jun,6
ORD1115,2025-06-20,Table Lamp,Home & Office,North,5.0,1600.0,8000.0,4750.0,3250.0,46.0,0.40625,Jun,6
ORD1116,2025-06-03,Laptop,Electronics,East,1.0,55000.0,55000.0,42000.0,13000.0,70.0,0.23636363636363636,Jun,6
ORD1117,2025-06-25,Laptop,Electronics,West,5.0,55000.0,275000.0,210000.0,65000.0,13.0,0.23636363636363636,Jun,6
ORD1118,2025-06-12,Table Lamp,Home & Office,West,5.0,1600.0,8000.0,4750.0,3250.0,68.0,0.40625,Jun,6
ORD1119,2025-06-16,Desk,Furniture,South,3.0,12000.0,36000.0,25500.0,10500.0,43.0,0.2916666666666667,Jun,6
ORD1120,2025-06-19,Headphones,Electronics,West,2.0,2500.0,5000.0,3000.0,2000.0,54.0,0.4,Jun,6
ORD1121,2025-06-17,Water Bottle,Accessories,East,1.0,750.0,750.0,420.0,330.0,61.0,0.44,Jun,6
ORD1122,2025-06-03,Notebook,Stationery,West,1.0,180.0,180.0,90.0,90.0,82.0,0.5,Jun,6
ORD1123,2025-06-16,Table Lamp,Home & Office,West,4.0,1600.0,6400.0,3800.0,2600.0,31.0,0.40625,Jun,6
ORD1124,2025-06-08,Desk,Furniture,North,4.0,12000.0,48000.0,34000.0,14000.0,97.0,0.2916666666666667,Jun,6
ORD1125,2025-06-26,Backpack,Accessories,North,4.0,1800.0,7200.0,4400.0,2800.0,99.0,0.3888888888888889,Jun,6
ORD1126,2025-06-09,Desk,Furniture,South,3.0,12000.0,36000.0,25500.0,10500.0,70.0,0.2916666666666667,Jun,6
ORD1127,2025-06-09,Laptop,Electronics,South,4.0,55000.0,220000.0,168000.0,52000.0,84.0,0.23636363636363636,Jun,6
ORD1128,2025-06-06,Headphones,Electronics,West,5.0,2500.0,12500.0,7500.0,5000.0,54.0,0.4,Jun,6
ORD1129,2025-06-02,Water Bottle,Accessories,North,2.0,750.0,1500.0,840.0,660.0,12.0,0.44,Jun,6
ORD1130,2025-06-24,Pen Set,Stationery,South,1.0,120.0,120.0,55.0,65.0,25.0,0.5416666666666666,Jun,6
ORD1131,2025-06-11,Laptop,Electronics,East,1.0,55000.0,55000.0,42000.0,13000.0,93.0,0.23636363636363636,Jun,6
ORD1132,2025-06-13,Laptop,Electronics,North,1.0,55000.0,55000.0,42000.0,13000.0,8.0,0.23636363636363636,Jun,6
ORD1133,2025-07-16,Desk,Furniture,North,4.0,12000.0,48000.0,34000.0,14000.0,88.0,0.2916666666666667,Jul,7
ORD1134,2025-07-05,Desk,Furniture,West,5.0,12000.0,60000.0,42500.0,17500.0,30.0,0.2916666666666667,Jul,7
ORD1135,2025-07-21,Desk,Furniture,West,2.0,12000.0,24000.0,17000.0,7000.0,90.0,0.2916666666666667,Jul,7
ORD1136,2025-07-21,Laptop,Electronics,South,1.0,55000.0,55000.0,42000.0,13000.0,58.0,0.23636363636363636,Jul,7
ORD1137,2025-07-01,Office Chair,Furniture,East,2.0,8500.0,17000.0,12400.0,4600.0,99.0,0.27058823529411763,Jul,7
ORD1138,2025-07-07,Backpack,Accessories,East,2.0,1800.0,3600.0,2200.0,1400.0,61.0,0.3888888888888889,Jul,7
ORD1139,2025-07-03,Headphones,Stationery,South,4.0,180.0,720.0,6000.0,-5280.0,72.0,-7.333333333333333,Jul,7
ORD1140,2025-07-12,Notebook,Stationery,South,3.0,180.0,540.0,270.0,270.0,64.0,0.5,Jul,7
ORD1141,2025-07-16,Laptop,Electronics,South,5.0,55000.0,275000.0,210000.0,65000.0,92.0,0.23636363636363636,Jul,7
ORD1142,2025-07-11,Smartphone,Electronics,North,4.0,28000.0,112000.0,88000.0,24000.0,45.0,0.21428571428571427,Jul,7
ORD1143,2025-07-02,Smartphone,Electronics,East,3.0,28000.0,84000.0,66000.0,18000.0,58.0,0.21428571428571427,Jul,7
ORD1144,2025-07-20,Smartphone,Electronics,South,1.0,28000.0,28000.0,22000.0,6000.0,95.0,0.21428571428571427,Jul,7
ORD1145,2025-07-10,Pen Set,Stationery,West,5.0,120.0,600.0,275.0,325.0,36.0,0.5416666666666666,Jul,7
ORD1146,2025-07-10,Office Chair,Furniture,West,2.0,8500.0,17000.0,12400.0,4600.0,24.0,0.27058823529411763,Jul,7
ORD1147,2025-07-24,Office Chair,Furniture,North,5.0,8500.0,42500.0,31000.0,11500.0,73.0,0.27058823529411763,Jul,7
ORD1148,2025-07-15,Headphones,Electronics,North,3.0,2500.0,7500.0,4500.0,3000.0,23.0,0.4,Jul,7
ORD1149,2025-07-04,Backpack,Accessories,North,1.0,1800.0,1800.0,1100.0,700.0,74.0,0.3888888888888889,Jul,7
ORD1150,2025-07-18,Headphones,Electronics,East,3.0,2500.0,7500.0,4500.0,3000.0,26.0,0.4,Jul,7
ORD1151,2025-07-05,Desk,Furniture,South,2.0,12000.0,24000.0,17000.0,7000.0,68.0,0.2916666666666667,Jul,7
ORD1152,2025-07-21,Notebook,Stationery,South,5.0,180.0,900.0,450.0,450.0,19.0,0.5,Jul,7
ORD1153,2025-07-14,Table Lamp,Home & Office,South,2.0,1600.0,3200.0,1900.0,1300.0,52.0,0.40625,Jul,7
ORD1154,2025-07-26,Water Bottle,Accessories,West,1.0,750.0,750.0,420.0,330.0,93.0,0.44,Jul,7
ORD1155,2025-08-11,Backpack,Accessories,West,5.0,1800.0,9000.0,5500.0,3500.0,88.0,0.3888888888888889,Aug,8
ORD1156,2025-08-04,Table Lamp,Home & Office,West,1.0,1600.0,1600.0,950.0,650.0,59.0,0.40625,Aug,8
ORD1157,2025-08-22,Backpack,Accessories,South,4.0,1800.0,7200.0,4400.0,2800.0,94.0,0.3888888888888889,Aug,8
ORD1158,2025-08-02,Backpack,Accessories,East,3.0,1800.0,5400.0,3300.0,2100.0,63.0,0.3888888888888889,Aug,8
ORD1159,2025-08-07,Headphones,Electronics,East,3.0,2500.0,7500.0,4500.0,3000.0,25.0,0.4,Aug,8
ORD1160,2025-08-06,Table Lamp,Home & Office,South,1.0,1600.0,1600.0,950.0,650.0,35.0,0.40625,Aug,8
ORD1161,2025-08-07,Table Lamp,Home & Office,South,2.0,1600.0,3200.0,1900.0,1300.0,51.0,0.40625,Aug,8
ORD1162,2025-08-17,Water Bottle,Accessories,South,1.0,750.0,750.0,420.0,330.0,75.0,0.44,Aug,8
ORD1163,2025-08-03,Table Lamp,Home & Office,East,2.0,1600.0,3200.0,1900.0,1300.0,93.0,0.40625,Aug,8
ORD1164,2025-08-15,Smartphone,Electronics,East,1.0,28000.0,28000.0,22000.0,6000.0,90.0,0.21428571428571427,Aug,8
ORD1165,2025-08-09,Table Lamp,Home & Office,South,4.0,1600.0,6400.0,3800.0,2600.0,33.0,0.40625,Aug,8
ORD1166,2025-08-24,Smartphone,Electronics,South,5.0,28000.0,140000.0,110000.0,30000.0,40.0,0.21428571428571427,Aug,8
ORD1167,2025-08-22,Desk,Furniture,North,4.0,12000.0,48000.0,34000.0,14000.0,82.0,0.2916666666666667,Aug,8
ORD1168,2025-08-23,Backpack,Accessories,West,3.0,1800.0,5400.0,3300.0,2100.0,38.0,0.3888888888888889,Aug,8
ORD1169,2025-08-05,Backpack,Accessories,West,2.0,1800.0,3600.0,2200.0,1400.0,91.0,0.3888888888888889,Aug,8
ORD1170,2025-08-15,Office Chair,Furniture,West,1.0,8500.0,8500.0,6200.0,2300.0,58.0,0.27058823529411763,Aug,8
ORD1171,2025-08-02,Water Bottle,Accessories,South,2.0,750.0,1500.0,840.0,660.0,58.0,0.44,Aug,8
ORD1172,2025-08-06,Desk,Furniture,West,4.0,12000.0,48000.0,34000.0,14000.0,26.0,0.2916666666666667,Aug,8
ORD1173,2025-08-01,Office Chair,Furniture,East,4.0,8500.0,34000.0,24800.0,9200.0,54.0,0.27058823529411763,Aug,8
ORD1174,2025-08-26,Laptop,Electronics,West,5.0,55000.0,275000.0,210000.0,65000.0,18.0,0.23636363636363636,Aug,8
ORD1175,2025-08-13,Office Chair,Furniture,South,1.0,8500.0,8500.0,6200.0,2300.0,13.0,0.27058823529411763,Aug,8
ORD1176,2025-08-24,Smartphone,Electronics,North,2.0,28000.0,56000.0,44000.0,12000.0,51.0,0.21428571428571427,Aug,8
ORD1177,2025-09-13,Smartphone,Electronics,East,4.0,28000.0,112000.0,88000.0,24000.0,72.0,0.21428571428571427,Sep,9
ORD1178,2025-09-09,Desk,Furniture,West,3.0,12000.0,36000.0,25500.0,10500.0,22.0,0.2916666666666667,Sep,9
ORD1179,2025-09-06,Backpack,Accessories,South,1.0,1800.0,1800.0,1100.0,700.0,76.0,0.3888888888888889,Sep,9
ORD1180,2025-09-14,Smartphone,Electronics,West,3.0,28000.0,84000.0,66000.0,18000.0,16.0,0.21428571428571427,Sep,9
ORD1181,2025-09-12,Smartphone,Electronics,South,1.0,28000.0,28000.0,22000.0,6000.0,47.0,0.21428571428571427,Sep,9
ORD1182,2025-09-08,Notebook,Stationery,West,5.0,180.0,900.0,450.0,450.0,21.0,0.5,Sep,9
ORD1183,2025-09-21,Headphones,Electronics,North,3.0,2500.0,7500.0,4500.0,3000.0,85.0,0.4,Sep,9
ORD1184,2025-09-04,Table Lamp,Home & Office,South,2.0,1600.0,3200.0,1900.0,1300.0,96.0,0.40625,Sep,9
ORD1185,2025-09-08,Smartphone,Electronics,South,3.0,28000.0,84000.0,66000.0,18000.0,45.0,0.21428571428571427,Sep,9
ORD1186,2025-09-23,Laptop,Electronics,South,1.0,55000.0,55000.0,42000.0,13000.0,32.0,0.23636363636363636,Sep,9
ORD1187,2025-09-01,Laptop,Electronics,South,2.0,55000.0,110000.0,84000.0,26000.0,85.0,0.23636363636363636,Sep,9
ORD1188,2025-09-08,Desk,Furniture,North,3.0,12000.0,36000.0,25500.0,10500.0,77.0,0.2916666666666667,Sep,9
ORD1189,2025-09-03,Notebook,Stationery,East,2.0,180.0,360.0,180.0,180.0,71.0,0.5,Sep,9
ORD1190,2025-09-15,Office Chair,Furniture,West,1.0,8500.0,8500.0,6200.0,2300.0,34.0,0.27058823529411763,Sep,9
ORD1191,2025-09-06,Office Chair,Furniture,West,5.0,8500.0,42500.0,31000.0,11500.0,34.0,0.27058823529411763,Sep,9
ORD1192,2025-09-01,Pen Set,Stationery,North,2.0,120.0,240.0,110.0,130.0,17.0,0.5416666666666666,Sep,9
ORD1193,2025-09-10,Desk,Furniture,South,5.0,12000.0,60000.0,42500.0,17500.0,38.0,0.2916666666666667,Sep,9
ORD1194,2025-09-13,Office Chair,Furniture,North,5.0,8500.0,42500.0,31000.0,11500.0,15.0,0.27058823529411763,Sep,9
ORD1195,2025-09-15,Desk,Furniture,South,5.0,12000.0,60000.0,42500.0,17500.0,9.0,0.2916666666666667,Sep,9
ORD1196,2025-09-19,Headphones,Electronics,South,2.0,2500.0,5000.0,3000.0,2000.0,50.0,0.4,Sep,9
ORD1197,2025-09-20,Desk,Furniture,North,2.0,12000.0,24000.0,17000.0,7000.0,45.0,0.2916666666666667,Sep,9
ORD1198,2025-09-08,Notebook,Stationery,South,2.0,180.0,360.0,180.0,180.0,53.0,0.5,Sep,9
ORD1199,2025-10-13,Table Lamp,Home & Office,North,2.0,1600.0,3200.0,1900.0,1300.0,96.0,0.40625,Oct,10
ORD1200,2025-10-15,Laptop,Electronics,East,3.0,55000.0,165000.0,126000.0,39000.0,83.0,0.23636363636363636,Oct,10
ORD1201,2025-10-16,Office Chair,Furniture,East,5.0,8500.0,42500.0,31000.0,11500.0,79.0,0.27058823529411763,Oct,10
ORD1202,2025-10-17,Table Lamp,Home & Office,East,2.0,1600.0,3200.0,1900.0,1300.0,16.0,0.40625,Oct,10
ORD1203,2025-10-19,Notebook,Stationery,East,1.0,180.0,180.0,90.0,90.0,93.0,0.5,Oct,10
ORD1204,2025-10-01,Pen Set,Stationery,North,5.0,120.0,600.0,275.0,325.0,97.0,0.5416666666666666,Oct,10
ORD1205,2025-10-22,Office Chair,Furniture,West,1.0,8500.0,8500.0,6200.0,2300.0,70.0,0.27058823529411763,Oct,10
ORD1206,2025-10-23,Notebook,Stationery,North,5.0,180.0,900.0,450.0,450.0,54.0,0.5,Oct,10
ORD1207,2025-10-21,Water Bottle,Accessories,South,4.0,750.0,3000.0,1680.0,1320.0,64.0,0.44,Oct,10
ORD1208,2025-10-26,Desk,Furniture,South,4.0,12000.0,48000.0,34000.0,14000.0,32.0,0.2916666666666667,Oct,10
ORD1209,2025-10-11,Table Lamp,Home & Office,West,2.0,1600.0,3200.0,1900.0,1300.0,98.0,0.40625,Oct,10
ORD1210,2025-10-17,Smartphone,Electronics,East,3.0,28000.0,84000.0,66000.0,18000.0,58.0,0.21428571428571427,Oct,10
ORD1211,2025-10-24,Notebook,Stationery,East,4.0,180.0,720.0,360.0,360.0,77.0,0.5,Oct,10
ORD1212,2025-10-24,Desk,Electronics,South,5.0,12000.0,60000.0,42500.0,17500.0,70.0,0.2916666666666667,Oct,10
ORD1213,2025-10-26,Notebook,Stationery,North,5.0,180.0,900.0,450.0,450.0,56.0,0.5,Oct,10
ORD1214,2025-10-17,Pen Set,Stationery,West,1.0,120.0,120.0,55.0,65.0,27.0,0.5416666666666666,Oct,10
ORD1215,2025-10-22,Notebook,Stationery,North,5.0,180.0,900.0,450.0,450.0,56.0,0.5,Oct,10
ORD1216,2025-10-01,Pen Set,Stationery,South,3.0,120.0,360.0,165.0,195.0,63.0,0.5416666666666666,Oct,10
ORD1217,2025-10-17,Headphones,Electronics,North,3.0,2500.0,7500.0,4500.0,3000.0,25.0,0.4,Oct,10
ORD1218,2025-10-14,Laptop,Electronics,East,2.0,55000.0,110000.0,84000.0,26000.0,73.0,0.23636363636363636,Oct,10
ORD1219,2025-10-17,Notebook,Stationery,South,3.0,180.0,540.0,270.0,270.0,70.0,0.5,Oct,10
ORD1220,2025-10-01,Office Chair,Furniture,South,3.0,8500.0,25500.0,18600.0,6900.0,39.0,0.27058823529411763,Oct,10
ORD1221,2025-11-10,Table Lamp,Home & Office,West,2.0,1600.0,3200.0,1900.0,1300.0,94.0,0.40625,Nov,11
ORD1222,2025-11-18,Pen Set,Stationery,West,1.0,120.0,120.0,55.0,65.0,64.0,0.5416666666666666,Nov,11
ORD1223,2025-11-03,Pen Set,Stationery,South,3.0,120.0,360.0,165.0,195.0,79.0,0.5416666666666666,Nov,11
ORD1224,2025-11-25,Notebook,Stationery,West,3.0,180.0,540.0,270.0,270.0,58.0,0.5,Nov,11
ORD1225,2025-11-15,Laptop,Electronics,East,3.0,55000.0,165000.0,126000.0,39000.0,95.0,0.23636363636363636,Nov,11
ORD1226,2025-11-14,Backpack,Accessories,West,4.0,1800.0,7200.0,4400.0,2800.0,44.0,0.3888888888888889,Nov,11
ORD1227,2025-11-21,Notebook,Stationery,South,2.0,180.0,360.0,180.0,180.0,14.0,0.5,Nov,11
ORD1228,2025-11-07,Table Lamp,Home & Office,East,5.0,1600.0,8000.0,4750.0,3250.0,26.0,0.40625,Nov,11
ORD1229,2025-11-04,Headphones,Electronics,East,2.0,2500.0,5000.0,3000.0,2000.0,9.0,0.4,Nov,11
ORD1230,2025-11-15,Laptop,Electronics,East,3.0,55000.0,165000.0,126000.0,39000.0,9.0,0.23636363636363636,Nov,11
ORD1231,2025-11-23,Headphones,Electronics,North,4.0,2500.0,10000.0,6000.0,4000.0,12.0,0.4,Nov,11
ORD1232,2025-11-06,Desk,Furniture,West,1.0,12000.0,12000.0,8500.0,3500.0,60.0,0.2916666666666667,Nov,11
ORD1233,2025-11-20,Headphones,Electronics,West,4.0,2500.0,10000.0,6000.0,4000.0,31.0,0.4,Nov,11
ORD1234,2025-11-10,Laptop,Electronics,South,3.0,55000.0,165000.0,126000.0,39000.0,94.0,0.23636363636363636,Nov,11
ORD1235,2025-11-18,Laptop,Electronics,North,1.0,55000.0,55000.0,42000.0,13000.0,47.0,0.23636363636363636,Nov,11
ORD1236,2025-11-13,Smartphone,Electronics,South,1.0,28000.0,28000.0,22000.0,6000.0,29.0,0.21428571428571427,Nov,11
ORD1237,2025-11-26,Office Chair,Furniture,South,5.0,8500.0,42500.0,31000.0,11500.0,94.0,0.27058823529411763,Nov,11
ORD1238,2025-11-11,Desk,Furniture,West,5.0,12000.0,60000.0,42500.0,17500.0,49.0,0.2916666666666667,Nov,11
ORD1239,2025-11-09,Office Chair,Furniture,South,1.0,8500.0,8500.0,6200.0,2300.0,54.0,0.27058823529411763,Nov,11
ORD1240,2025-11-06,Water Bottle,Accessories,West,5.0,750.0,3750.0,2100.0,1650.0,93.0,0.44,Nov,11
ORD1241,2025-11-25,Desk,Furniture,South,3.0,12000.0,36000.0,25500.0,10500.0,47.0,0.2916666666666667,Nov,11
ORD1242,2025-11-12,Smartphone,Electronics,East,5.0,28000.0,140000.0,110000.0,30000.0,78.0,0.21428571428571427,Nov,11
ORD1243,2025-12-13,Table Lamp,Home & Office,West,5.0,1600.0,8000.0,4750.0,3250.0,99.0,0.40625,Dec,12
ORD1244,2025-12-14,Table Lamp,Home & Office,North,4.0,1600.0,6400.0,3800.0,2600.0,61.0,0.40625,Dec,12
ORD1245,2025-12-19,Laptop,Electronics,North,3.0,55000.0,165000.0,126000.0,39000.0,33.0,0.23636363636363636,Dec,12
ORD1246,2025-12-11,Desk,Furniture,South,4.0,12000.0,48000.0,34000.0,14000.0,66.0,0.2916666666666667,Dec,12
ORD1247,2025-12-08,Pen Set,Stationery,South,2.0,120.0,240.0,110.0,130.0,62.0,0.5416666666666666,Dec,12
ORD1248,2025-12-22,Backpack,Accessories,North,1.0,1800.0,1800.0,1100.0,700.0,43.0,0.3888888888888889,Dec,12
ORD1249,2025-12-19,Office Chair,Furniture,East,3.0,8500.0,25500.0,18600.0,6900.0,88.0,0.27058823529411763,Dec,12
ORD1250,2025-12-09,Smartphone,Electronics,West,5.0,28000.0,140000.0,110000.0,30000.0,80.0,0.21428571428571427,Dec,12
ORD1251,2025-12-08,Water Bottle,Accessories,East,1.0,750.0,750.0,420.0,330.0,68.0,0.44,Dec,12
ORD1252,2025-12-10,Backpack,Accessories,South,3.0,1800.0,5400.0,3300.0,2100.0,10.0,0.3888888888888889,Dec,12
ORD1253,2025-12-05,Smartphone,Electronics,North,3.0,28000.0,84000.0,66000.0,18000.0,19.0,0.21428571428571427,Dec,12
ORD1254,2025-12-05,Headphones,Electronics,North,3.0,2500.0,7500.0,4500.0,3000.0,56.0,0.4,Dec,12
ORD1255,2025-12-10,Laptop,Electronics,East,1.0,55000.0,55000.0,42000.0,13000.0,54.0,0.23636363636363636,Dec,12
ORD1256,2025-12-19,Backpack,Accessories,East,5.0,1800.0,9000.0,5500.0,3500.0,88.0,0.3888888888888889,Dec,12
ORD1257,2025-12-05,Pen Set,Stationery,East,1.0,120.0,120.0,55.0,65.0,89.0,0.5416666666666666,Dec,12
ORD1258,2025-12-12,Water Bottle,Accessories,North,2.0,750.0,1500.0,840.0,660.0,33.0,0.44,Dec,12
ORD1259,2025-12-16,Table Lamp,Home & Office,West,2.0,1600.0,3200.0,1900.0,1300.0,92.0,0.40625,Dec,12
ORD1260,2025-12-26,Notebook,Stationery,South,5.0,180.0,900.0,450.0,450.0,14.0,0.5,Dec,12
ORD1261,2025-12-19,Water Bottle,Accessories,West,2.0,750.0,1500.0,840.0,660.0,66.0,0.44,Dec,12
ORD1262,2025-12-18,Pen Set,Stationery,East,4.0,120.0,480.0,220.0,260.0,46.0,0.5416666666666666,Dec,12
ORD1263,2025-12-18,Headphones,Electronics,South,1.0,2500.0,2500.0,1500.0,1000.0,21.0,0.4,Dec,12
ORD1264,2025-12-03,Backpack,Accessories,South,5.0,1800.0,9000.0,5500.0,3500.0,10.0,0.3888888888888889,Dec,12
